"","Type 1 Confidence Interval","Type 2 Confidence Interval","Fiducial probability"
"Original Version",8.79628549943145,13.8628565016681,0.968699194443425
"Integrated Version",8.92936834531551,13.8675059239454,0.97241860856034
"Least Favaroble Version",7.69562387606268,11.7145817143779,0.923658204554622
