"","Type 1 Confidence Interval","Type 2 Confidence Interval","Fiducial probability"
"Original Version",4.50705148816795,4.79244688612095,0.924564130528535
"Integrated Version",4.51425224186923,4.84323613630541,0.915221677194119
"Least Favaroble Version",NA,4.15482312380296,0.789144789153597
