"","Type 1 Confidence Interval","Type 2 Confidence Interval","Fiducial probability"
"Original Version",6.48042294413756,7.6277254731545,0.942693708378598
"Integrated Version",6.38199384739903,7.72075667729322,0.94819013491766
"Least Favaroble Version",NA,6.59736309603282,0.842782710680052
